City_ID,City,Lat,Lng,Max Temp,Humidity,Cloudiness,Wind Speed,Country,Date
0,yerbogachen,61.2767,108.0108,16.79,96,73,3.83,RU,1635271106
1,nikolskoye,59.7035,30.7861,45.88,87,100,7.45,RU,1635270648
2,rikitea,-23.1203,-134.9692,75.11,79,100,18.75,PF,1635270625
3,hermanus,-34.4187,19.2345,64.8,82,94,18.16,ZA,1635270599
4,chiredzi,-21.05,31.6667,73.44,60,35,8.5,ZW,1635271115
5,lorengau,-2.0226,147.2712,81.54,74,34,6.35,PG,1635270914
6,pachino,36.7186,15.0907,64.44,80,95,24.27,IT,1635271119
7,victoria,22.2855,114.1577,78.85,85,100,5.01,HK,1635270959
8,kapaa,22.0752,-159.319,74.19,89,1,10.36,US,1635270498
9,lethem,3.3803,-59.7968,83.39,70,100,0.43,GY,1635271084
10,busselton,-33.65,115.3333,48.04,91,100,5.82,AU,1635270608
11,punta arenas,-53.15,-70.9167,50.11,66,20,34.52,CL,1635270750
12,namibe,-15.1961,12.1522,66.92,73,15,10.22,AO,1635270932
13,coihueco,-36.6167,-71.8333,72.34,46,0,9.22,CL,1635271134
14,lompoc,34.6391,-120.4579,69.57,68,0,14.0,US,1635271136
15,bethel,41.3712,-73.414,63.1,93,100,1.99,US,1635270376
16,puerto ayora,-0.7393,-90.3518,75.16,74,67,10.96,EC,1635270606
17,brokopondo,4.75,-55.1667,87.58,57,82,2.68,SR,1635271143
18,longyearbyen,78.2186,15.6401,12.04,79,20,5.75,SJ,1635271145
19,taoudenni,22.6783,-3.9836,91.8,14,80,4.72,ML,1635271150
20,grindavik,63.8424,-22.4338,41.47,87,90,16.11,IS,1635270844
21,georgetown,5.4112,100.3354,78.89,97,40,7.0,MY,1635270689
22,tulum,20.2167,-87.4667,88.93,77,90,5.53,MX,1635271114
23,saint george,37.1041,-113.5841,59.63,39,1,7.0,US,1635270661
24,ribeira grande,38.5167,-28.7,72.0,88,75,16.11,PT,1635270740
25,porto walter,-8.2686,-72.7439,92.82,40,86,1.79,BR,1635271163
26,tiksi,71.6872,128.8694,12.15,95,100,3.15,RU,1635270889
27,arraial do cabo,-22.9661,-42.0278,76.96,78,75,14.97,BR,1635270881
28,butaritari,3.0707,172.7902,82.13,75,71,12.33,KI,1635270979
29,ratnagiri,16.9833,73.3,77.07,76,4,6.58,IN,1635271173
30,reading,51.4562,-0.9711,60.75,81,75,1.99,GB,1635271101
31,ranong,9.9658,98.6348,78.44,88,77,3.91,TH,1635271178
32,oranjemund,-28.55,16.4333,62.35,85,5,7.47,NA,1635271180
33,pedasi,7.5333,-80.0333,83.86,66,89,6.85,PA,1635271182
34,shimoda,34.6667,138.95,62.1,81,90,4.18,JP,1635271185
35,chara,56.9064,118.2631,27.99,78,76,1.7,RU,1635271187
36,haines junction,60.7522,-137.5108,13.95,92,100,0.0,CA,1635271192
37,gat,31.61,34.7642,71.82,67,0,7.58,IL,1635271194
38,mataura,-46.1927,168.8643,50.72,100,100,0.38,NZ,1635271196
39,mason,39.3601,-84.3099,57.43,60,40,4.0,US,1635271003
40,ventspils,57.3894,21.5606,51.73,100,90,12.66,LV,1635271201
41,hithadhoo,-0.6,73.0833,83.82,71,43,16.62,MV,1635270851
42,faya,18.3851,42.4509,63.27,64,31,2.51,SA,1635271206
43,bredasdorp,-34.5322,20.0403,64.27,86,99,19.57,ZA,1635271208
44,port elizabeth,-33.918,25.5701,68.09,82,75,16.11,ZA,1635270882
45,port said,31.2565,32.2841,74.28,67,0,12.95,EG,1635271213
46,hobart,-42.8794,147.3294,45.05,90,83,3.0,AU,1635270710
47,provideniya,64.3833,-173.3,14.99,81,89,5.53,RU,1635270802
48,bongandanga,1.5,21.05,74.93,81,43,1.61,CD,1635271220
49,meulaboh,4.1363,96.1285,76.42,88,98,4.0,ID,1635271227
50,ixtapa,20.7,-105.2,86.23,71,51,4.0,MX,1635271022
51,shar,49.5886,81.0453,46.96,49,24,10.67,KZ,1635271232
52,agadez,19.75,10.25,86.07,12,2,8.55,NE,1635271234
53,nkhata bay,-11.6066,34.2907,78.06,70,67,6.44,MW,1635271237
54,qaanaaq,77.484,-69.3632,16.86,94,100,14.23,GL,1635271239
55,avarua,-21.2078,-159.775,75.25,64,99,6.91,CK,1635270834
56,flinders,-34.5833,150.8552,60.8,89,24,3.8,AU,1635271243
57,gabriel leyva solano,25.6667,-108.6417,84.02,50,3,6.89,MX,1635271248
58,seymchan,62.8833,152.4333,-1.61,97,65,0.89,RU,1635271250
59,ayan,56.45,138.1667,37.89,87,100,9.84,RU,1635271253
60,lebu,-37.6167,-73.65,57.07,73,9,17.2,CL,1635271255
61,vestmanna,62.1564,-7.1664,50.92,100,90,18.41,FO,1635271257
62,yellowknife,62.456,-114.3525,36.41,100,90,4.61,CA,1635270832
63,george town,5.4112,100.3354,78.73,97,40,7.0,MY,1635271181
64,maseru,-29.3167,27.4833,63.27,48,24,5.55,LS,1635271264
65,tambun,-6.2641,107.0712,82.49,78,92,2.66,ID,1635271266
66,juneau,58.3019,-134.4197,43.84,97,100,5.06,US,1635271012
67,dikson,73.5069,80.5464,13.44,85,100,10.78,RU,1635270830
68,dingle,10.9995,122.6711,75.72,93,81,6.6,PH,1635271003
69,gisborne,-38.6533,178.0042,59.95,90,93,6.33,NZ,1635271258
70,hilo,19.7297,-155.09,82.27,76,20,9.22,US,1635270702
71,birjand,32.8663,59.2211,52.86,28,0,7.9,IR,1635271279
72,aberdeen,57.1437,-2.0981,59.49,91,40,17.27,GB,1635271038
73,tamandare,-8.7597,-35.1047,81.95,67,40,12.77,BR,1635271284
74,vancouver,49.2497,-123.1193,52.92,90,90,4.0,CA,1635271014
75,cape town,-33.9258,18.4232,73.27,55,0,3.0,ZA,1635270763
76,vila velha,-20.3297,-40.2925,75.24,86,99,4.76,BR,1635271223
77,cherskiy,68.75,161.3,-20.56,100,97,4.59,RU,1635270836
78,ust-maya,60.4167,134.5333,31.8,93,100,3.4,RU,1635271294
79,kununurra,-15.7667,128.7333,82.38,69,6,8.05,AU,1635270715
80,jamestown,42.097,-79.2353,44.1,99,100,7.0,US,1635271068
81,geraldton,-28.7667,114.6,63.01,63,75,18.41,AU,1635270852
82,qingdao,36.0986,120.3719,58.96,61,47,9.24,CN,1635271202
83,muravlenko,63.7898,74.523,17.49,91,100,20.4,RU,1635271305
84,salinopolis,-0.6136,-47.3561,85.53,64,24,13.89,BR,1635271307
85,vaini,-21.2,-175.2,73.71,70,95,18.3,TO,1635271310
86,tombouctou,20.0,-3.0,91.31,15,65,5.84,ML,1635271312
87,inhambane,-23.865,35.3833,73.09,77,1,12.82,MZ,1635271315
88,bengkulu,-3.8004,102.2655,76.03,90,100,5.23,ID,1635270869
89,corrente,-3.7367,-43.3394,99.41,26,3,4.47,BR,1635271319
90,east london,-33.0153,27.9116,66.79,80,88,21.54,ZA,1635271322
91,bambous virieux,-20.3428,57.7575,74.21,72,29,15.68,MU,1635271324
92,kodiak,57.79,-152.4072,38.28,78,100,10.85,US,1635271327
93,muros,42.7762,-9.0603,66.7,76,22,4.12,ES,1635270931
94,quatre cocos,-20.2078,57.7625,74.08,72,34,16.08,MU,1635271331
95,port-gentil,-0.7193,8.7815,79.0,84,97,11.45,GA,1635271333
96,pevek,69.7008,170.3133,11.48,95,100,11.56,RU,1635271336
97,saint-philippe,-21.3585,55.7679,72.99,79,42,12.59,RE,1635270814
98,sisophon,13.5859,102.9737,74.08,86,98,6.46,KH,1635271340
99,ushuaia,-54.8,-68.3,47.86,66,40,11.5,AR,1635271086
100,biltine,14.5333,20.9167,89.44,16,33,10.45,TD,1635271345
101,kikwit,-5.041,18.8162,75.58,80,81,1.36,CD,1635271347
102,adrar,20.5022,-10.0711,91.35,15,66,8.28,MR,1635271349
103,ihosy,-22.4,46.1167,71.04,73,10,8.12,MG,1635271352
104,maraa,-1.8333,-65.3667,84.9,74,99,2.82,BR,1635271354
105,rustenburg,-25.6676,27.2421,76.41,46,81,6.96,ZA,1635271356
106,bentonville,36.3728,-94.2088,70.02,67,90,11.99,US,1635271247
107,tokur,53.1333,132.9,29.97,99,100,1.74,RU,1635271361
108,muroto,33.2833,134.15,66.87,67,71,5.97,JP,1635271363
109,hambantota,6.1241,81.1185,78.53,82,99,5.97,LK,1635271366
110,port macquarie,-31.4333,152.9167,59.9,100,40,0.0,AU,1635271289
111,saldanha,-33.0117,17.9442,78.85,56,79,12.75,ZA,1635271030
112,mar del plata,-38.0023,-57.5575,84.22,60,0,5.99,AR,1635270685
113,khatanga,71.9667,102.5,2.86,97,100,3.87,RU,1635270969
114,gaoual,11.75,-13.2,81.03,81,96,1.34,GN,1635271383
115,sept-iles,50.2001,-66.3821,49.05,67,65,3.0,CA,1635271213
116,oyem,1.5995,11.5793,68.83,94,76,1.52,GA,1635271388
117,iqaluit,63.7506,-68.5145,31.73,80,40,15.01,CA,1635271390
118,khani,41.9563,42.9566,33.37,74,4,5.68,GE,1635271392
119,paamiut,61.994,-49.6678,36.39,54,0,9.95,GL,1635271395
120,koumac,-20.5667,164.2833,71.8,80,87,3.02,NC,1635271397
121,ewo,-0.8725,14.8206,74.91,88,88,0.36,CG,1635271399
122,bluff,-46.6,168.3333,51.39,92,100,2.84,NZ,1635271271
123,jinchang,38.4953,102.1739,40.57,76,93,7.34,CN,1635271404
124,manaus,-3.1019,-60.025,88.3,74,40,5.75,BR,1635271121
125,atuona,-9.8,-139.0333,77.29,68,61,15.9,PF,1635271408
126,ancud,-41.8697,-73.8203,57.42,83,100,10.38,CL,1635271325
127,sibolga,1.7427,98.7792,75.92,94,100,0.72,ID,1635271413
128,obihiro,42.9172,143.2044,44.73,89,89,3.0,JP,1635271415
129,katherine,-14.4667,132.2667,84.52,65,12,5.75,AU,1635271418
130,shelburne,44.0787,-80.2041,40.57,98,100,16.71,CA,1635271224
131,tuktoyaktuk,69.4541,-133.0374,28.18,95,100,4.85,CA,1635271424
132,fairbanks,64.8378,-147.7164,29.1,94,99,0.94,US,1635271391
133,araouane,18.9048,-3.5265,92.17,14,38,7.67,ML,1635271433
134,antofagasta,-23.65,-70.4,67.57,60,2,8.14,CL,1635271324
135,arani,12.6667,79.2833,75.88,84,96,1.99,IN,1635271437
136,andijon,40.7821,72.3442,53.46,25,73,4.34,UZ,1635271440
137,teknaf,20.8624,92.3058,77.59,82,88,2.3,BD,1635271442
138,bilibino,68.0546,166.4372,-14.78,100,100,0.92,RU,1635271445
139,sur,22.5667,59.5289,80.24,75,0,9.86,OM,1635271447
140,kavaratti,10.5669,72.642,82.56,73,59,15.28,IN,1635271449
141,nushki,29.5542,66.0215,61.47,15,0,2.17,PK,1635271456
142,umea,63.8284,20.2597,37.33,100,90,2.3,SE,1635271458
143,tambopata,-12.7333,-69.1833,78.69,65,75,2.3,PE,1635271460
144,kahului,20.8947,-156.47,80.83,69,20,0.0,US,1635271463
145,half moon bay,37.4636,-122.4286,63.66,77,75,1.01,US,1635271465
146,belaya gora,68.5333,146.4167,-8.54,100,91,2.24,RU,1635271467
147,san quintin,30.4833,-115.95,66.2,53,0,20.15,MX,1635271470
148,pangkalanbuun,-2.6833,111.6167,75.24,94,100,0.74,ID,1635271218
149,avera,33.194,-82.5271,71.47,42,0,8.52,US,1635271476
150,usinsk,65.9939,57.5281,16.48,96,86,10.65,RU,1635271479
151,gander,48.9682,-54.5906,39.33,80,75,18.01,CA,1635271224
152,gamba,-2.65,10.0,76.73,88,97,7.2,GA,1635271485
153,albany,42.6001,-73.9662,55.58,94,100,1.01,US,1635271212
154,ariquemes,-9.9133,-63.0408,85.19,68,92,1.3,BR,1635271224
155,seoul,37.5683,126.9778,62.04,71,63,3.56,KR,1635271492
156,chokurdakh,70.6333,147.9167,-19.93,100,42,3.76,RU,1635271494
157,sitka,57.0531,-135.33,48.09,66,90,8.05,US,1635271496
158,barrow,71.2906,-156.7887,24.82,86,90,8.05,US,1635271499
159,brae,60.3964,-1.353,53.51,96,100,24.65,GB,1635271501
160,saint-joseph,-21.3667,55.6167,71.98,79,36,11.39,RE,1635271503
161,dunedin,-45.8742,170.5036,53.44,97,100,5.5,NZ,1635271473
162,norman wells,65.282,-126.8329,26.78,93,100,1.3,CA,1635271508
163,mahebourg,-20.4081,57.7,74.25,72,25,15.9,MU,1635271511
164,castro,-24.7911,-50.0119,74.91,45,75,2.55,BR,1635271275
165,mufulira,-12.5498,28.2407,76.06,30,91,3.76,ZM,1635271515
166,phanat nikhom,13.4458,101.1844,84.85,81,100,4.79,TH,1635271517
167,new norfolk,-42.7826,147.0587,44.71,77,71,2.46,AU,1635271520
168,chifeng,42.2683,118.9636,39.99,41,0,5.88,CN,1635271523
169,sinnamary,5.3833,-52.95,82.15,82,79,9.8,GF,1635271525
170,cape coast,5.1053,-1.2466,78.44,85,99,10.25,GH,1635271527
171,ilorin,8.5,4.55,82.47,64,69,6.02,NG,1635271530
172,bonthe,7.5264,-12.505,79.3,79,89,6.24,SL,1635271534
173,tarakan,3.3,117.6333,79.47,81,93,1.3,ID,1635271536
174,westport,41.1415,-73.3579,64.36,95,90,1.01,US,1635271251
175,pokhara,28.2333,83.9833,59.99,63,0,6.91,NP,1635271541
176,coolum beach,-26.5333,153.1,69.12,99,34,2.71,AU,1635271543
177,resistencia,-27.4606,-58.9839,94.08,41,0,7.94,AR,1635271452
178,severo-kurilsk,50.6789,156.125,43.86,85,78,5.68,RU,1635271554
179,porecatu,-22.7558,-51.3792,86.07,52,63,3.04,BR,1635271556
180,warrnambool,-38.3833,142.4833,51.82,69,15,12.01,AU,1635271559
181,kuminskiy,58.6667,66.5667,26.44,80,9,7.18,RU,1635271561
182,samarai,-10.6167,150.6667,80.53,81,91,9.8,PG,1635271564
183,waddan,29.1614,16.139,73.13,33,0,7.43,LY,1635271566
184,qandala,11.472,49.8728,81.0,62,9,4.97,SO,1635271568
185,doha,25.2867,51.5333,84.18,40,0,6.91,QA,1635271571
186,bilma,18.6853,12.9164,87.51,12,0,7.78,NE,1635271573
187,torbay,47.6666,-52.7314,44.58,74,20,3.0,CA,1635271575
188,henties bay,-22.116,14.2845,60.85,84,58,7.45,NA,1635271577
189,turt,47.9833,23.2167,44.92,50,27,1.97,RO,1635271580
190,cayenne,4.9333,-52.3333,87.84,82,75,7.0,GF,1635271583
191,sitio novo do tocantins,-5.5183,-47.4611,91.06,48,70,5.55,BR,1635271585
192,rawson,-43.3002,-65.1023,74.55,23,98,29.12,AR,1635271587
193,mtambile,-5.3833,39.7,79.0,79,84,13.4,TZ,1635271590
194,high level,58.5169,-117.136,40.23,81,47,5.03,CA,1635271592
195,poronaysk,49.2167,143.1167,38.07,78,0,3.11,RU,1635271597
196,lincoln,40.8,-96.667,55.78,67,90,16.11,US,1635271557
197,rio gallegos,-51.6226,-69.2181,60.85,25,40,42.57,AR,1635271601
198,thompson,55.7435,-97.8558,37.56,81,90,8.05,CA,1635271603
199,bayshore gardens,27.4253,-82.5904,87.98,71,40,11.5,US,1635271606
200,lipin bor,60.2622,37.9763,38.73,92,100,11.83,RU,1635271608
201,udachnyy,66.4167,112.4,8.6,95,78,10.18,RU,1635271610
202,kolondieba,11.0882,-6.8926,85.08,54,67,1.54,ML,1635271613
203,tual,-5.6667,132.75,83.44,75,53,8.48,ID,1635271615
204,sao joao da barra,-21.6403,-41.0511,80.69,94,100,5.23,BR,1635271617
205,grand gaube,-20.0064,57.6608,74.37,68,7,7.0,MU,1635271620
206,pamulang,-6.3428,106.7383,81.95,79,83,2.57,ID,1635271622
207,saint-francois,46.4154,3.9054,49.44,88,0,2.3,FR,1635271624
208,cidreira,-30.1811,-50.2056,76.89,52,0,9.62,BR,1635271627
209,ulladulla,-35.35,150.4667,54.88,91,37,3.51,AU,1635271629
210,alyangula,-13.8483,136.4192,80.55,82,4,5.28,AU,1635271631
211,praia da vitoria,38.7333,-27.0667,71.76,91,52,22.39,PT,1635271501
212,pincher creek,49.4833,-113.952,48.27,46,73,26.78,CA,1635271636
213,almaznyy,48.0448,40.045,35.74,45,47,3.94,RU,1635271638
214,chuy,-33.6971,-53.4616,83.01,44,0,11.97,UY,1635271641
215,porto santo,33.072,-16.3415,72.3,68,40,12.66,PT,1635271494
216,carnarvon,-24.8667,113.6333,64.47,55,75,8.05,AU,1635271647
217,tecoanapa,16.5167,-98.75,84.31,72,44,7.4,MX,1635271649
218,bathsheba,13.2167,-59.5167,86.61,66,20,17.27,BB,1635271652
219,alofi,-19.0595,-169.9187,76.12,72,42,18.79,NU,1635271654
220,wadi musa,30.3222,35.4793,59.9,55,0,3.56,JO,1635271657
221,torata,-17.0769,-70.8433,70.0,20,2,12.84,PE,1635271659
222,ahuimanu,21.4447,-157.8378,78.78,68,20,6.91,US,1635271661
223,fort wellington,6.4,-57.6,81.63,81,100,6.78,GY,1635271663
224,ponta delgada,37.7333,-25.6667,72.32,78,20,14.97,PT,1635271666
225,san cristobal,7.7669,-72.225,82.58,52,98,7.14,VE,1635271668
226,richards bay,-28.783,32.0377,67.33,92,99,3.71,ZA,1635271670
227,port alfred,-33.5906,26.891,66.24,83,95,28.21,ZA,1635271673
228,vanimo,-2.6741,141.3028,77.86,89,85,4.59,PG,1635271675
229,marathon,44.9,-89.7668,51.33,61,1,6.91,US,1635271677
230,bosaso,11.2842,49.1816,80.58,62,4,4.0,SO,1635271408
231,dudinka,69.4058,86.1778,10.96,96,87,5.68,RU,1635271682
232,la rioja,42.25,-2.5,54.48,73,29,3.53,ES,1635271684
233,guskhara,23.5,87.75,74.5,76,24,5.48,IN,1635271687
234,cabedelo,-6.9811,-34.8339,83.07,62,11,15.7,BR,1635271691
235,narsaq,60.9167,-46.05,46.62,61,39,4.74,GL,1635271693
236,coihaique,-45.5752,-72.0662,59.61,55,75,12.66,CL,1635271413
237,la rochelle,46.1667,-1.15,56.28,84,84,2.68,FR,1635271697
238,savannah bight,16.45,-85.85,84.24,71,75,14.56,HN,1635271700
239,deniliquin,-35.5333,144.9667,48.0,45,40,6.55,AU,1635271702
240,tiebissou,7.1574,-5.2257,78.8,80,64,1.79,CI,1635271704
241,nyuksenitsa,60.4128,44.2397,35.24,98,100,7.87,RU,1635271707
242,yulara,-25.2406,130.9889,73.24,53,52,0.0,AU,1635271709
243,upernavik,72.7868,-56.1549,15.35,48,92,4.68,GL,1635271711
244,vila franca do campo,37.7167,-25.4333,72.01,80,25,12.53,PT,1635271714
245,saint-augustin,51.226,-58.6502,47.57,46,3,5.03,CA,1635271716
246,necochea,-38.5473,-58.7368,70.9,51,7,12.71,AR,1635271718
247,nawa,27.0167,75.0,71.44,37,0,6.58,IN,1635271695
248,faanui,-16.4833,-151.75,77.86,78,91,11.65,PF,1635271723
249,enid,36.3956,-97.8784,77.02,79,90,14.0,US,1635271510
250,camacha,33.0833,-16.3333,69.53,68,40,12.66,PT,1635271727
251,airai,-8.9266,125.4092,62.78,84,36,0.96,TL,1635271730
252,kingsport,36.5484,-82.5618,56.32,72,75,3.0,US,1635271531
253,labuhan,-6.8844,112.2051,79.77,80,100,7.05,ID,1635271734
254,springfield,37.2153,-93.2982,62.35,74,90,10.0,US,1635271513
255,atar,20.5169,-13.0499,94.96,19,86,10.63,MR,1635271738
256,kismayo,-0.3582,42.5454,79.61,83,45,13.96,SO,1635271741
257,sola,-13.8833,167.55,80.31,79,53,8.61,VU,1635271743
258,san patricio,28.017,-97.5169,87.89,57,99,16.15,US,1635271746
259,ontario,34.0633,-117.6509,65.43,71,20,1.99,US,1635271466
260,medeiros neto,-17.3739,-40.2206,84.61,56,75,10.6,BR,1635271750
261,kupang,-10.1667,123.5833,79.61,74,52,4.32,ID,1635271752
262,trapani,37.8333,12.6667,67.35,86,13,8.12,IT,1635271755
263,minot,48.2325,-101.2963,48.42,87,90,11.5,US,1635271592
264,cedar city,37.6775,-113.0619,41.4,80,90,3.44,US,1635271759
265,skjervoy,70.0311,20.9714,33.98,71,20,22.66,NO,1635271762
266,baruun-urt,46.6806,113.2792,34.39,51,0,10.87,MN,1635271764
267,ostrovnoy,68.0531,39.5131,28.2,81,100,7.96,RU,1635271766
268,guerrero negro,27.9769,-114.0611,69.33,57,67,23.26,MX,1635271769
269,bayji,34.9311,43.487,72.91,24,23,6.04,IQ,1635271771
270,asau,46.4333,26.4,43.72,56,0,4.68,RO,1635271773
271,killybegs,54.6333,-8.45,58.71,87,100,24.29,IE,1635271776
272,magugu,-4.0167,35.7667,82.2,36,99,9.93,TZ,1635271778
273,prince rupert,54.3161,-130.3201,46.74,81,100,9.71,CA,1635271623
274,yantarnyy,54.8717,19.9381,48.06,92,100,22.1,RU,1635271782
275,jalu,29.0331,21.5482,79.97,24,2,12.15,LY,1635271785
276,fort nelson,58.8053,-122.7002,36.46,83,89,2.1,CA,1635271787
277,walvis bay,-22.9575,14.5053,61.09,82,38,6.46,NA,1635271789
278,tateyama,34.9833,139.8667,60.82,69,99,6.44,JP,1635271792
279,muhos,64.808,25.9931,39.7,95,100,6.46,FI,1635271794
280,shubarkuduk,49.1447,56.4872,34.59,48,35,5.75,KZ,1635271796
281,kumluca,36.3703,30.2869,67.24,64,11,4.09,TR,1635271799
282,nuuk,64.1835,-51.7216,32.61,55,1,12.66,GL,1635271513
283,sao filipe,14.8961,-24.4956,80.42,75,89,10.36,CV,1635271807
284,ouro preto do oeste,-10.7481,-62.2158,76.69,79,100,2.71,BR,1635271810
285,pafos,34.7667,32.4167,67.78,73,0,3.44,CY,1635271812
286,aksha,50.2814,113.2867,34.72,65,3,4.97,RU,1635271815
287,ahipara,-35.1667,173.1667,60.96,94,97,5.41,NZ,1635271817
288,calama,-22.4667,-68.9333,72.09,13,0,25.32,CL,1635271821
289,bima,-8.4667,118.7167,78.85,89,100,2.55,ID,1635271824
290,alta floresta,-9.8756,-56.0861,87.53,52,70,1.99,BR,1635271826
291,lasa,46.6166,10.7002,45.34,84,34,5.12,IT,1635271828
292,cabo san lucas,22.8909,-109.9124,87.62,62,2,10.49,MX,1635271781
293,pisco,-13.7,-76.2167,69.85,60,0,16.11,PE,1635271833
294,kruisfontein,-34.0033,24.7314,65.88,84,99,19.04,ZA,1635271835
295,surovatikha,55.7652,43.8984,37.87,69,95,11.88,RU,1635271837
296,bandarbeyla,9.4942,50.8122,78.55,77,3,7.9,SO,1635271842
297,mulchen,-37.7167,-72.2333,76.86,28,0,9.46,CL,1635271844
298,clermont,49.5,2.4167,57.04,83,96,7.85,FR,1635271847
299,chulman,56.8479,124.9104,23.67,98,100,1.48,RU,1635271849
300,tucurui,-3.7661,-49.6725,88.45,59,57,4.94,BR,1635271851
301,chapais,49.7834,-74.8492,44.8,46,100,8.86,CA,1635271854
302,imphal,24.8167,93.95,62.37,96,4,2.84,IN,1635271856
303,najran,17.4924,44.1277,68.36,13,5,2.04,SA,1635271859
304,petit goave,18.4314,-72.8669,91.58,62,51,1.45,HT,1635271861
305,coquimbo,-29.9533,-71.3436,62.33,72,75,13.8,CL,1635271844
306,kavieng,-2.5744,150.7967,81.43,74,83,3.13,PG,1635271866
307,auray,47.6703,-2.9918,59.76,92,100,8.79,FR,1635271868
308,aykhal,66.0,111.5,0.46,100,89,5.79,RU,1635271872
309,pacific grove,36.6177,-121.9166,62.71,74,1,1.99,US,1635271875
310,shihezi,44.3,86.0333,45.1,36,0,2.68,CN,1635271877
311,talnakh,69.4865,88.3972,14.5,95,98,6.26,RU,1635271880
312,havelock,34.8791,-76.9013,72.05,66,20,10.0,US,1635271882
313,te anau,-45.4167,167.7167,49.8,95,96,1.01,NZ,1635271884
314,nouakchott,18.0858,-15.9785,82.33,62,58,24.02,MR,1635271887
315,maksatikha,57.797,35.8825,36.43,88,100,7.29,RU,1635271891
316,pangnirtung,66.1451,-65.7125,26.83,79,86,5.61,CA,1635271894
317,puri,19.8,85.85,77.52,80,9,11.1,IN,1635271896
318,finspang,58.7058,15.7674,47.93,83,8,10.0,SE,1635271899
319,de-kastri,51.4667,140.7833,35.64,88,57,4.27,RU,1635271901
320,cozumel,20.5083,-86.9458,87.12,80,87,5.5,MX,1635271904
321,itoman,26.1247,127.6694,71.62,64,20,8.05,JP,1635271906
322,high prairie,55.4334,-116.4858,45.66,54,72,5.08,CA,1635271908
323,kanigiri,15.4,79.5167,76.84,67,68,3.67,IN,1635271913
324,loja,-3.9931,-79.2042,70.02,60,100,3.69,EC,1635271627
325,champerico,14.3,-91.9167,93.74,73,13,6.69,GT,1635271917
326,los llanos de aridane,28.6585,-17.9182,69.55,71,40,7.0,ES,1635271919
327,sorland,67.667,12.6934,42.87,88,74,5.08,NO,1635271922
328,teya,60.3778,92.6267,41.49,78,100,14.5,RU,1635271924
329,port blair,11.6667,92.75,80.69,82,73,6.8,IN,1635271929
330,bad schwartau,53.9189,10.6969,54.39,87,20,4.61,DE,1635271931
331,klaksvik,62.2266,-6.589,52.72,96,100,27.76,FO,1635271898
332,el seibo,18.7641,-69.0375,89.13,52,6,8.97,DO,1635271936
333,leningradskiy,69.3833,178.4167,8.83,94,100,22.64,RU,1635271938
334,port angeles,48.1181,-123.4307,54.19,92,40,0.0,US,1635271941
335,khuzdar,27.7384,66.6434,64.98,29,1,4.97,PK,1635271943
336,clyde river,70.4692,-68.5914,23.43,82,100,4.65,CA,1635271945
337,beberibe,-4.1797,-38.1306,89.17,62,1,14.92,BR,1635271770
338,nhulunbuy,-12.2333,136.7667,79.41,83,25,0.0,AU,1635271952
339,igrim,63.1906,64.4162,26.06,59,48,11.18,RU,1635271955
340,astana,51.1801,71.446,28.35,69,40,6.71,KZ,1635271957
341,fortuna,40.5982,-124.1573,57.65,71,90,1.99,US,1635271959
342,yar-sale,66.8333,70.8333,15.53,91,51,5.75,RU,1635271962
343,eslov,55.8393,13.3039,50.25,92,74,6.91,SE,1635271964
344,bitung,1.4451,125.1824,76.05,81,52,1.19,ID,1635271688
345,aasiaat,68.7098,-52.8699,4.37,93,84,4.9,GL,1635271968
346,charleville-mezieres,49.7667,4.7167,52.99,86,99,5.08,FR,1635271971
347,luhyny,51.082,28.4006,42.3,52,33,10.47,UA,1635271973
348,launceston,-41.45,147.1667,44.15,93,76,8.05,AU,1635271841
349,vao,-22.6667,167.4833,71.69,85,100,13.49,NC,1635271978
350,kaitangata,-46.2817,169.8464,50.94,98,98,2.64,NZ,1635271980
351,batemans bay,-35.7167,150.1833,55.2,93,70,3.91,AU,1635271982
352,san jeronimo,-11.9472,-75.2829,67.32,36,64,10.58,PE,1635271985
353,finnsnes,69.2296,17.9811,30.16,97,100,5.84,NO,1635271987
354,hervey bay,-25.2986,152.8535,74.01,87,7,3.94,AU,1635271989
355,moerai,-22.4333,-151.3333,73.87,73,100,22.24,PF,1635271992
356,zelenoborskiy,66.845,32.3622,31.6,97,100,14.79,RU,1635271994
357,mweka,-4.85,21.5667,75.18,74,100,2.86,CD,1635271996
358,markova,48.6758,24.4138,33.39,62,33,4.45,UA,1635271999
359,nosy varika,-20.5833,48.5333,72.66,82,1,7.7,MG,1635272001
360,anadyr,64.75,177.4833,-6.16,93,100,11.88,RU,1635272004
361,solnechnyy,50.7214,136.6319,37.81,85,66,3.18,RU,1635272006
362,isangel,-19.55,169.2667,74.91,87,3,4.27,VU,1635272009
363,sistranda,63.7256,8.834,47.89,78,87,18.92,NO,1635272011
364,novyy urengoy,66.0833,76.6333,21.79,95,100,11.12,RU,1635272014
365,susaki,33.3667,133.2833,58.69,77,94,4.76,JP,1635272016
366,burnie,-41.0667,145.9167,44.94,87,61,6.04,AU,1635272018
367,souillac,-20.5167,57.5167,74.35,73,17,14.47,MU,1635272021
368,topeka,39.0483,-95.678,57.58,73,90,3.0,US,1635271743
369,maun,-19.9833,23.4167,79.65,43,86,5.75,BW,1635272027
370,totness,5.8833,-56.3167,81.43,79,100,7.94,SR,1635272030
371,arman,59.7,150.1667,19.8,81,32,6.13,RU,1635272032
372,vostok,46.4856,135.8833,36.95,75,66,4.79,RU,1635272035
373,ati,13.2154,18.3353,94.08,16,45,10.07,TD,1635272037
374,ono,34.85,134.9333,58.46,81,73,3.0,JP,1635272039
375,tezu,27.9167,96.1667,67.84,61,0,4.45,IN,1635272042
376,laguna,38.421,-121.4238,63.21,73,90,1.99,US,1635272044
377,gao,16.6362,1.637,92.07,10,6,8.75,ML,1635272049
378,beringovskiy,63.05,179.3167,9.41,98,100,24.4,RU,1635272051
379,tilichiki,60.4667,166.1,1.92,91,15,6.24,RU,1635272054
380,morlaix,48.5833,-4.0,59.32,88,90,12.66,FR,1635272056
381,la paz,-16.5,-68.15,53.58,43,75,12.66,BO,1635272058
382,tromso,69.6496,18.957,30.22,86,0,2.3,NO,1635271845
383,torit,4.4133,32.5678,76.03,72,95,3.53,SS,1635272063
384,scalea,39.813,15.7956,64.35,79,100,9.28,IT,1635272065
385,ambon,-3.6954,128.1814,80.64,82,33,3.69,ID,1635272068
386,taltal,-25.4,-70.4833,63.28,71,23,3.0,CL,1635272070
387,pundaguitan,6.3711,126.1689,81.99,75,99,3.76,PH,1635272075
388,yaan,7.3833,8.5667,77.9,83,60,5.08,NG,1635272077
389,omsukchan,62.5333,155.8,-3.14,97,31,2.68,RU,1635272080
390,requena,39.4883,-1.1004,59.13,89,81,5.32,ES,1635271859
391,morondava,-20.2833,44.2833,77.34,83,1,15.68,MG,1635272084
392,nanortalik,60.1432,-45.2371,37.2,68,28,1.97,GL,1635272087
393,batagay,67.6333,134.6333,7.0,93,99,3.62,RU,1635271923
394,mahishadal,22.1833,87.9833,78.03,75,91,2.64,IN,1635272091
395,kuantan,3.8077,103.326,77.72,89,68,3.4,MY,1635272094
396,vershino-shakhtaminskiy,51.3012,117.8868,32.41,76,34,9.75,RU,1635272096
397,egvekinot,66.3167,-179.1667,-0.44,90,82,5.17,RU,1635272099
398,katsuura,35.1333,140.3,60.91,72,69,6.87,JP,1635272040
399,caravelas,-17.7125,-39.2481,82.18,63,57,8.66,BR,1635272104
400,mecca,21.4267,39.8261,82.04,51,14,2.82,SA,1635271889
401,heihe,50.2441,127.4902,36.63,73,41,4.27,CN,1635272109
402,maldonado,-34.6667,-54.9167,85.39,42,2,11.88,UY,1635271903
403,hauterive,46.0901,3.4459,52.56,92,83,2.04,FR,1635272113
404,vardo,70.3705,31.1107,37.38,60,75,29.93,NO,1635271978
405,kawalu,-7.3817,108.2082,73.04,97,100,1.12,ID,1635272118
406,porto novo,6.4965,2.6036,80.42,80,100,5.55,BJ,1635272118
407,itaituba,-4.2761,-55.9836,88.47,54,99,2.3,BR,1635271901
408,san juan,-31.5375,-68.5364,93.97,8,1,4.68,AR,1635271842
409,angangueo,19.6194,-100.2853,63.72,57,13,6.78,MX,1635272127
410,manali,13.1667,80.2667,82.49,71,83,8.52,IN,1635272130
411,san andres,12.5847,-81.7006,87.82,66,20,11.5,CO,1635272132
412,minab,27.1467,57.0801,78.3,64,29,3.56,IR,1635272135
413,kem,64.9555,34.5793,36.77,99,100,7.47,RU,1635272137
414,hami,42.8,93.45,50.13,29,0,3.18,CN,1635272139
415,ust-koksa,50.2696,85.6108,36.66,64,26,3.91,RU,1635272142
416,comodoro rivadavia,-45.8667,-67.5,75.06,23,0,33.38,AR,1635272144
417,olafsvik,64.8945,-23.7142,41.63,77,100,27.94,IS,1635272146
418,ust-kuyga,70.0167,135.6,4.33,95,99,7.05,RU,1635271934
419,shima,24.4478,117.8111,73.22,86,53,2.19,CN,1635272153
420,ilulissat,69.2167,-51.1,12.22,57,20,6.91,GL,1635272155
421,leeton,-34.5667,146.4,46.89,37,63,5.32,AU,1635272158
422,balabac,7.9868,117.0645,81.46,80,61,7.47,PH,1635272161
423,biak,-0.9131,122.8766,76.91,84,87,0.98,ID,1635272163
424,ponta do sol,32.6667,-17.1,73.0,63,27,2.8,PT,1635272166
425,ishigaki,24.3448,124.1572,77.68,60,56,12.93,JP,1635272168
426,skegness,53.1436,0.3363,59.63,84,70,22.15,GB,1635272170
427,chadiza,-14.0678,32.4392,76.3,48,64,5.37,ZM,1635272173
428,atambua,-9.1061,124.8925,76.33,78,17,1.54,ID,1635272175
429,luderitz,-26.6481,15.1594,60.22,89,7,4.45,NA,1635272177
430,niquero,20.0431,-77.5828,85.15,67,82,4.45,CU,1635272180
431,warrenton,-28.114,24.8475,75.18,36,38,11.41,ZA,1635272182
432,bambanglipuro,-7.95,110.2833,77.68,84,100,5.66,ID,1635272185
433,la ronge,55.1001,-105.2842,43.05,87,90,10.36,CA,1635272187
434,saskylakh,71.9167,114.0833,0.82,98,100,1.14,RU,1635272190
435,codrington,-38.2667,141.9667,48.45,57,6,7.81,AU,1635272192
436,ugoofaaru,5.6667,73.0,81.32,79,64,12.91,MV,1635272195
437,yenagoa,4.9247,6.2642,79.36,80,71,5.12,NG,1635272197
438,nome,64.5011,-165.4064,24.87,74,90,4.61,US,1635272200
439,bafq,31.6128,55.4107,65.05,20,0,3.96,IR,1635272202
440,sorong,-0.8833,131.25,80.13,80,78,1.59,ID,1635272205
441,sao jose da coroa grande,-8.8978,-35.1478,81.21,70,37,13.53,BR,1635272059
442,rudnya,54.947,31.0934,40.69,65,100,12.86,RU,1635272209
443,accra,5.556,-0.1969,79.86,80,100,11.1,GH,1635272063
444,glazov,58.1394,52.6584,33.15,98,100,9.62,RU,1635272214
445,joensuu,62.6012,29.7632,46.27,97,90,1.99,FI,1635271946
446,namatanai,-3.6667,152.4333,79.41,79,94,4.56,PG,1635272218
447,ilhabela,-23.7781,-45.3581,72.88,81,71,3.2,BR,1635272220
448,kisangani,0.5167,25.2,73.8,90,94,1.39,CD,1635272225
449,hokitika,-42.7167,170.9667,55.96,93,100,2.19,NZ,1635272228
450,lagoa,39.05,-27.9833,69.78,86,97,24.79,PT,1635272232
451,nisia floresta,-6.0911,-35.2086,86.38,51,12,14.81,BR,1635272234
452,hasaki,35.7333,140.8333,50.4,68,10,5.55,JP,1635272241
453,mount gambier,-37.8333,140.7667,53.4,44,2,9.06,AU,1635271944
454,mahanoro,-19.9,48.8,71.94,82,0,5.48,MG,1635272012
455,padang,-0.9492,100.3543,75.6,93,99,7.18,ID,1635272248
456,brun,39.5349,46.3073,24.93,74,54,5.53,AM,1635272250
457,evensk,61.95,159.2333,8.06,78,3,7.96,RU,1635272252
458,oeiras,-7.0253,-42.1311,101.59,19,8,9.69,BR,1635272156
459,yuxia,34.0615,108.6291,47.01,72,61,4.36,CN,1635272257
460,nara,34.6851,135.8049,58.28,88,50,0.74,JP,1635272259
461,shenjiamen,29.9576,122.298,64.47,71,91,5.77,CN,1635272262
462,vilyuysk,63.7553,121.6247,29.64,91,100,9.44,RU,1635272264
463,nioro,13.35,-15.75,88.11,60,85,2.62,GM,1635272267
464,ternate,0.8,127.4,80.94,79,99,3.42,ID,1635272269
465,raahe,64.6833,24.4833,40.01,96,100,10.25,FI,1635272271
466,berdigestyakh,62.0989,126.6992,25.79,96,100,4.29,RU,1635272274
467,banjar,-8.19,114.9675,80.46,91,99,5.17,ID,1635272276
468,huangyan,28.6478,121.2594,62.98,93,28,1.95,CN,1635272278
469,krasnoselkup,65.7,82.4667,23.65,96,100,14.5,RU,1635272283
470,zonguldak,41.25,31.8333,42.6,76,0,3.65,TR,1635272285
471,mareeba,-17.0,145.4333,72.32,95,71,3.91,AU,1635272288
472,senneterre,48.3835,-77.2328,41.22,73,100,9.22,CA,1635272290
473,tommot,58.9564,126.2925,27.57,91,98,2.55,RU,1635272293
474,mogadishu,2.0371,45.3438,80.19,83,22,13.65,SO,1635272295
475,tonota,-21.4833,27.4833,71.37,59,32,15.7,BW,1635272298
476,tornio,65.8481,24.1466,32.02,99,100,8.03,FI,1635272300
477,abilene,32.4487,-99.7331,88.29,55,1,4.0,US,1635272152
478,samur,41.8253,48.486,45.23,79,100,7.54,RU,1635272304
479,hamilton,39.1834,-84.5333,57.97,59,20,1.01,US,1635272145
480,shakawe,-18.3667,21.85,74.35,61,56,2.13,BW,1635272309
481,wallenhorst,52.35,8.0167,55.8,79,100,13.87,DE,1635272311
482,mindif,10.3976,14.4363,79.79,64,82,6.6,CM,1635272313
483,pierre,44.3683,-100.351,55.06,60,90,17.0,US,1635272316
484,wuxue,29.8506,115.5525,62.51,69,85,2.21,CN,1635272318
485,yibin,28.7667,104.6238,59.74,88,100,0.78,CN,1635272321
486,antalaha,-14.9003,50.2788,71.47,84,1,8.84,MG,1635272235
487,paita,-5.0892,-81.1144,77.56,66,94,12.44,PE,1635272325
488,zaozerne,45.1582,33.2787,46.17,61,0,13.15,UA,1635272328
489,jacareacanga,-6.2222,-57.7528,91.71,55,40,2.3,BR,1635272330
490,isla mujeres,21.2311,-86.731,87.17,74,100,6.53,MX,1635272332
491,blessington,53.17,-6.5325,58.75,83,75,21.85,IE,1635272335
492,mitsamiouli,-11.3847,43.2844,79.0,80,78,5.99,KM,1635272337
493,natal,-5.795,-35.2094,86.22,58,75,17.27,BR,1635272339
494,tabory,58.5198,64.5495,26.06,81,32,5.82,RU,1635272344
495,ossora,59.2353,163.0719,19.49,86,62,5.14,RU,1635272346
496,yeppoon,-23.1333,150.7333,69.58,89,8,5.37,AU,1635272349
497,amuntai,-2.4177,115.2494,74.71,97,92,1.66,ID,1635272351
498,mutoko,-17.397,32.2268,68.63,67,22,8.37,ZW,1635272353
499,khonsa,27.0167,95.5667,59.52,91,0,4.18,IN,1635272356
500,bukama,-9.2,25.85,71.71,82,86,0.56,CD,1635272360
501,ashington,50.9331,-0.3909,60.44,75,75,14.0,GB,1635272363
502,conceicao do araguaia,-8.2578,-49.2647,97.81,37,100,2.04,BR,1635272365
503,bolshaya dzhalga,45.9695,42.6966,36.82,58,0,6.22,RU,1635272367
504,srednekolymsk,67.45,153.6833,-9.4,100,66,2.71,RU,1635272372
505,kambove,-10.8764,26.5969,73.24,47,72,4.61,CD,1635272374
506,papar,5.7333,115.9333,77.0,89,66,4.05,MY,1635272377
507,fort frances,48.5999,-93.4003,46.17,68,1,4.0,CA,1635272289
508,mhasla,18.1333,73.1167,74.77,78,2,3.31,IN,1635272383
509,sawakin,19.1059,37.3321,85.77,71,69,4.38,SD,1635272386
510,nemuro,43.3236,145.575,53.83,73,100,10.76,JP,1635272388
511,kieta,-6.2167,155.6333,77.09,81,95,6.69,PG,1635272393
512,leh,34.1667,77.5833,30.7,55,86,1.41,IN,1635272395
513,odienne,9.51,-7.5692,80.56,71,81,3.71,CI,1635272397
514,kutum,14.2,24.6667,80.78,19,48,13.8,SD,1635272400
515,cockburn town,21.4612,-71.1419,82.83,70,89,10.58,TC,1635272283
516,raudeberg,61.9875,5.1352,49.19,80,100,8.99,NO,1635272406
517,laramie,41.3114,-105.5911,59.09,78,90,3.0,US,1635272133
518,kokopo,-4.352,152.2633,75.97,82,61,4.63,PG,1635272413
519,esperance,-33.8667,121.9,50.49,88,81,12.88,AU,1635272415
520,kirakira,-10.4544,161.9205,78.93,86,87,4.29,SB,1635272418
521,matamoros,25.5333,-103.25,84.11,33,24,9.06,MX,1635272420
522,lac-megantic,45.5834,-70.8823,51.73,84,100,9.44,CA,1635272422
523,waw,7.7029,27.9953,76.28,69,99,3.78,SS,1635272425
524,zhuanghe,39.7008,122.9911,49.78,46,0,9.04,CN,1635272427
525,honiara,-9.4333,159.95,76.33,84,85,3.4,SB,1635272430
526,argentan,48.75,-0.0167,56.97,84,100,6.22,FR,1635272432
527,shinshiro,34.9,137.5,61.45,82,99,3.31,JP,1635272435
528,ilo,-17.6394,-71.3375,65.26,72,0,8.05,PE,1635272437
529,bodden town,19.2833,-81.25,89.6,70,20,8.05,KY,1635272440
530,lloydminster,53.2835,-110.0016,46.62,61,20,4.61,CA,1635272204
531,hovd,48.0056,91.6419,35.71,44,1,2.71,MN,1635272444
532,matay,28.419,30.7792,77.59,42,0,13.89,EG,1635272449
533,salalah,17.0151,54.0924,78.89,57,0,3.44,OM,1635272451
534,mabai,23.0128,104.4508,56.16,97,100,2.44,CN,1635272453
535,lekoni,-1.5843,14.2591,76.32,82,90,1.68,GA,1635272456
536,santana do ipanema,-9.3783,-37.2453,89.01,41,3,22.41,BR,1635272458
537,sini,22.8,85.9667,75.2,70,84,1.66,IN,1635272462
538,portsmouth,50.799,-1.0913,60.49,85,68,5.01,GB,1635272303
539,pecos,31.4229,-103.4932,89.06,19,1,5.75,US,1635272467
540,dabhol,17.6,73.1667,74.32,81,0,4.47,IN,1635272469
541,naze,28.3667,129.4833,66.99,62,36,4.97,JP,1635272472
542,guiren,33.6697,118.1889,58.01,70,86,4.52,CN,1635272474
543,deputatskiy,69.3,139.9,-5.37,99,99,0.74,RU,1635272476
544,mandalgovi,45.7625,106.2708,37.38,38,0,8.95,MN,1635272479
545,ketchikan,55.3422,-131.6461,46.87,87,90,14.97,US,1635272427
546,zemetchino,53.4973,42.6163,38.17,59,87,13.09,RU,1635272483
547,matara,5.9485,80.5353,76.71,90,100,6.22,LK,1635272485
548,khuzhir,53.1939,107.3397,41.94,73,7,2.15,RU,1635272488
549,campbeltown,55.4258,-5.6076,60.85,82,100,22.66,GB,1635272490
550,guangyuan,32.442,105.823,55.67,81,100,3.11,CN,1635272493
551,filadelfia,39.9523,-75.1638,66.45,85,90,5.99,US,1635272494
552,tuatapere,-46.1333,167.6833,52.25,97,98,1.99,NZ,1635272499
553,pimentel,-6.8367,-79.9342,70.09,64,0,16.11,PE,1635272502
